{
  "variables": {
    "project_id": ""
  },
  "builders": [{
    "type": "googlecompute",
    "account_file": "cluster/gce-jenkins.json",
    "project_id": "{{user `project_id`}}",
    "source_image_project_id": "ubuntu-os-cloud",
    "source_image_family": "ubuntu-1604-lts",
    "ssh_username": "ubuntu",
    "zone": "us-east1-b",
    "image_name": "docker"
  }],
  "provisioners": [{
    "type": "shell",
    "inline": [
      "sleep 15",
      "sudo apt-get clean",
      "sudo apt-get update",
      "sudo apt-get install -y apt-transport-https ca-certificates nfs-common",
      "curl -fsSL https://download.docker.com/linux/ubuntu/gpg | sudo apt-key add -",
      "sudo add-apt-repository \"deb [arch=amd64] https://download.docker.com/linux/ubuntu $(lsb_release -cs) stable\"",
      "sudo add-apt-repository -y ppa:openjdk-r/ppa",
      "sudo apt-get update",
      "sudo apt-get install -y docker-ce",
      "sudo usermod -aG docker ubuntu",
      "sudo apt-get install -y openjdk-8-jdk"
    ]
  }]
}
