{
  "builders": [{
    "type": "amazon-ebs",
    "region": "us-east-2",
    "source_ami_filter": {
      "filters": {
        "virtualization-type": "hvm",
        "name": "*ubuntu-xenial-16.04-amd64-server-*",
        "root-device-type": "ebs"
      },
      "most_recent": true
    },
    "instance_type": "t2.micro",
    "ssh_username": "ubuntu",
    "ami_name": "docker",
    "force_deregister": true
  }],
  "provisioners": [{
    "type": "shell",
    "inline": [
      "sleep 15",
      "sudo apt-get clean",
      "sudo apt-get update",
      "sudo apt-get install -y apt-transport-https ca-certificates nfs-common",
      "curl -fsSL https://download.docker.com/linux/ubuntu/gpg | sudo apt-key add -",
      "sudo add-apt-repository \"deb [arch=amd64] https://download.docker.com/linux/ubuntu $(lsb_release -cs) stable\"",
      "sudo add-apt-repository -y ppa:openjdk-r/ppa",
      "sudo apt-get update",
      "sudo apt-get install -y docker-ce",
      "sudo usermod -aG docker ubuntu",
      "sudo apt-get install -y openjdk-8-jdk"
    ]
  }]
}
