<?xml version="1.0" encoding="UTF-8"?>
<beans xmlns="http://www.springframework.org/schema/beans"
	xmlns:xsi="http://www.w3.org/2001/XMLSchema-instance" xmlns:context="http://www.springframework.org/schema/context"
	xmlns:tx="http://www.springframework.org/schema/tx" xmlns:mvc="http://www.springframework.org/schema/mvc"
	xsi:schemaLocation="
http://www.springframework.org/schema/beans
http://www.springframework.org/schema/beans/spring-beans.xsd
http://www.springframework.org/schema/context
http://www.springframework.org/schema/context/spring-context.xsd
                           http://www.springframework.org/schema/tx
                           http://www.springframework.org/schema/tx/spring-tx.xsd
                                   http://www.springframework.org/schema/mvc
        http://www.springframework.org/schema/mvc/spring-mvc-3.0.xsd
">

	<bean
		class="org.springframework.web.servlet.view.InternalResourceViewResolver">
		<property name="prefix" value="/WEB-INF/jsp/"></property>
		<property name="suffix" value=".jsp"></property>
	</bean>
	<context:component-scan base-package="com"></context:component-scan>


	<mvc:interceptors>
		<!-- This XML will intercept all URIs -->
		<bean class="com.CommonInterceptor"></bean>
		<!-- This XML will apply interceptor to only certain URIs -->

		<mvc:interceptor>
			<mvc:mapping path="/student/admin/test1"></mvc:mapping>
			<bean class="com.AdminInterceptor"></bean>
		</mvc:interceptor>
		<mvc:interceptor>
			<mvc:mapping path="/student/tenant/**"></mvc:mapping>
			<bean class="com.TenantInterceptor"></bean>
			
		</mvc:interceptor>
		<mvc:interceptor>
			<mvc:mapping path="/student/bank/*"></mvc:mapping>
			<bean class="com.BankInterceptor"></bean>
		</mvc:interceptor>

	</mvc:interceptors>
	<mvc:annotation-driven />

</beans>